symbol,expiry_date,snapshot_date,futures_price,prev_price,price_chg_pct,open_interest,oi_change,volume_contracts,oi_chg_pct,buildup_type,buildup_strength,company_name,sector,market_cap_tier,is_nifty50,is_banknifty,is_nifty_next50,has_earnings_this_week,earnings_date,days_to_earnings
ABCAPITAL,2026-10-27,2026-10-06,378.75,377.65,0.29,37379800,-2458300,2349,-6.17,Neutral,Weak,Aditya Birla Capital,Financial Services,mid,False,False,False,False,,
ADANIENT,2026-10-27,2026-10-06,2860.4,2880.3,-0.69,16039881,310236,3971,1.97,Neutral,Weak,Adani Enterprises,Diversified,large,True,False,False,False,,
ADANIPORTS,2026-10-27,2026-10-06,1786.1,1773.0,0.74,14252375,-123500,2414,-0.86,Neutral,Weak,Adani Ports,Infrastructure,large,True,False,False,False,,
ALKEM,2026-10-27,2026-10-06,5301.5,5196.5,2.02,1857875,5625,690,0.3,Neutral,Weak,Alkem Laboratories,Pharmaceuticals,mid,False,False,False,False,,
AMBUJACEM,2026-10-27,2026-10-06,363.65,366.0,-0.64,94737600,-607200,598,-0.64,Neutral,Weak,Ambuja Cements,Cement,mid,False,False,True,False,,
APOLLOHOSP,2026-10-27,2026-10-06,7930.5,8029.0,-1.23,2194750,142750,5417,6.96,Short Buildup,Moderate,Apollo Hospitals,Healthcare,large,True,False,False,False,,
ASHOKLEY,2026-10-27,2026-10-06,154.19,153.1,0.71,118350000,-3495000,3202,-2.87,Neutral,Weak,Ashok Leyland,Automobile,mid,False,False,False,False,,
ASIANPAINT,2026-10-27,2026-10-06,2421.1,2364.2,2.41,6596750,19500,1663,0.3,Neutral,Weak,Asian Paints,Consumer Goods,large,True,False,False,False,,
ASTRAL,2026-10-27,2026-10-06,1406.9,1360.8,3.39,5276800,96900,1326,1.87,Neutral,Weak,Astral,Infrastructure,mid,False,False,False,False,,
AUBANK,2026-10-27,2026-10-06,1031.5,1034.7,-0.31,21660000,-280000,2332,-1.28,Neutral,Weak,AU Small Finance Bank,Banking,mid,False,True,False,False,,
AUROPHARMA,2026-10-27,2026-10-06,1698.0,1681.6,0.98,12664850,32450,1594,0.26,Neutral,Weak,Aurobindo Pharma,Pharmaceuticals,mid,False,False,False,False,,
AXISBANK,2026-10-27,2026-10-06,1249.9,1228.7,1.73,89363125,481250,11125,0.54,Neutral,Weak,Axis Bank,Banking,large,True,True,False,False,,
BAJAJ-AUTO,2026-10-27,2026-10-06,10031.0,10047.0,-0.16,1933050,45525,2992,2.41,Neutral,Weak,Bajaj Auto,Automobile,large,True,False,False,False,,
BAJAJFINSV,2026-10-27,2026-10-06,1753.6,1751.3,0.13,7572000,-64500,1582,-0.84,Neutral,Weak,Bajaj Finserv,Financial Services,large,True,False,False,False,,
BAJFINANCE,2026-10-27,2026-10-06,964.2,972.9,-0.89,60261750,-317250,4530,-0.52,Neutral,Weak,Bajaj Finance,Financial Services,large,True,False,False,False,,
BANDHANBNK,2026-10-27,2026-10-06,163.78,169.83,-3.56,123555600,-1198800,426,-0.96,Neutral,Weak,Bandhan Bank,Banking,mid,False,True,False,False,,
BANKBARODA,2026-10-27,2026-10-06,232.9,233.96,-0.45,141809850,-1342575,2060,-0.94,Neutral,Weak,Bank of Baroda,Banking,mid,False,False,True,False,,
BEL,2026-10-27,2026-10-06,388.85,384.75,1.07,80240325,639825,5092,0.8,Neutral,Weak,Bharat Electronics,Capital Goods,large,True,False,False,False,,
BHARTIARTL,2026-10-27,2026-10-06,1812.9,1781.2,1.78,52443800,-1073975,8935,-2.01,Short Covering,Moderate,Bharti Airtel,Telecom,large,True,False,False,False,,
BHEL,2026-10-27,2026-10-06,453.95,429.9,5.59,78684375,1766625,11031,2.3,Long Buildup,Moderate,BHEL,Infrastructure,mid,False,False,True,True,2026-10-14,7.0
BIOCON,2026-10-27,2026-10-06,371.4,370.3,0.3,53257500,737500,1513,1.4,Neutral,Weak,Biocon,Pharmaceuticals,mid,False,False,False,False,,
BOSCHLTD,2026-10-27,2026-10-06,45305.0,44970.0,0.74,203100,2375,537,1.18,Neutral,Weak,Bosch,Automobile,mid,False,False,True,False,,
BPCL,2026-10-27,2026-10-06,301.6,298.6,1.0,38885775,2381850,2847,6.52,Long Buildup,Moderate,BPCL,Oil & Gas,large,False,False,False,False,,
BRITANNIA,2026-10-27,2026-10-06,4865.2,4776.0,1.87,2491500,27250,1928,1.11,Neutral,Weak,Britannia Industries,Consumer Goods,large,False,False,False,False,,
CAMS,2026-10-27,2026-10-06,694.9,684.7,1.49,9556800,-44550,1073,-0.46,Neutral,Weak,CAMS,Financial Services,mid,False,False,False,False,,
CANBK,2026-10-27,2026-10-06,118.44,119.12,-0.57,352363500,-195750,1657,-0.06,Neutral,Weak,Canara Bank,Banking,mid,False,False,True,False,,
CHOLAFIN,2026-10-27,2026-10-06,1613.5,1606.8,0.42,13346875,-176875,2000,-1.31,Neutral,Weak,Cholamandalam Finance,Financial Services,mid,False,False,True,False,,
CIPLA,2026-10-27,2026-10-06,1349.8,1334.3,1.16,8051200,153850,1822,1.95,Neutral,Weak,Cipla,Pharmaceuticals,large,True,False,False,False,,
COALINDIA,2026-10-27,2026-10-06,412.45,426.9,-3.38,88554600,-556200,5937,-0.62,Neutral,Weak,Coal India,Metals & Mining,large,True,False,False,False,,
COFORGE,2026-10-27,2026-10-06,1850.5,1851.9,-0.08,13699475,-576175,3015,-4.04,Neutral,Weak,Coforge,Information Technology,mid,False,False,False,False,,
COLPAL,2026-10-27,2026-10-06,1811.1,1775.7,1.99,5452975,26125,1898,0.48,Neutral,Weak,Colgate Palmolive,Consumer Goods,mid,False,False,True,False,,
CONCOR,2026-10-27,2026-10-06,446.45,442.1,0.98,23543750,-5000,1335,-0.02,Neutral,Weak,Container Corporation,Infrastructure,mid,False,False,False,False,,
CROMPTON,2026-10-27,2026-10-06,212.72,211.66,0.5,73076350,-612750,1251,-0.83,Neutral,Weak,Crompton Greaves Consumer,Consumer Goods,mid,False,False,False,False,,
CUMMINSIND,2026-10-27,2026-10-06,4927.3,4833.8,1.93,5935800,-14200,1743,-0.24,Neutral,Weak,Cummins India,Infrastructure,mid,False,False,False,False,,
DABUR,2026-10-27,2026-10-06,389.15,378.45,2.83,25325000,-893750,4795,-3.41,Short Covering,Moderate,Dabur India,Consumer Goods,mid,False,False,True,False,,
DELHIVERY,2026-10-27,2026-10-06,410.15,401.5,2.15,27792550,263525,1044,0.96,Neutral,Weak,Delhivery,Infrastructure,mid,False,False,False,False,,
DIVISLAB,2026-10-27,2026-10-06,9602.5,9261.5,3.68,4071500,120700,4337,3.06,Long Buildup,Moderate,Divis Laboratories,Pharmaceuticals,large,False,False,False,False,,
DLF,2026-10-27,2026-10-06,669.3,672.6,-0.49,37418600,759050,2684,2.07,Neutral,Weak,DLF,Real Estate,large,False,False,False,False,,
DRREDDY,2026-10-27,2026-10-06,1205.4,1199.9,0.46,20410625,453125,2769,2.27,Neutral,Weak,Dr Reddys Laboratories,Pharmaceuticals,large,True,False,False,False,,
EICHERMOT,2026-10-27,2026-10-06,7076.5,7065.0,0.16,3364700,42200,2864,1.27,Neutral,Weak,Eicher Motors,Automobile,large,True,False,False,False,,
ETERNAL,2026-10-27,2026-10-06,329.55,321.9,2.38,140111650,375875,5717,0.27,Neutral,Weak,Eternal,Consumer Services,large,True,False,False,False,,
FEDERALBNK,2026-10-27,2026-10-06,321.8,328.0,-1.89,82832500,-585000,2823,-0.7,Neutral,Weak,Federal Bank,Banking,mid,False,True,False,False,,
FORTIS,2026-10-27,2026-10-06,765.25,770.1,-0.63,10750800,61225,924,0.57,Neutral,Weak,Fortis Healthcare,Healthcare,mid,False,False,False,False,,
GAIL,2026-10-27,2026-10-06,172.0,167.92,2.43,78007700,205900,1302,0.26,Neutral,Weak,GAIL,Oil & Gas,large,False,False,True,False,,
GODREJCP,2026-10-27,2026-10-06,874.6,841.95,3.88,9848000,-247500,3764,-2.45,Short Covering,Moderate,Godrej Consumer Products,Consumer Goods,mid,False,False,True,False,,
GODREJPROP,2026-10-27,2026-10-06,1616.3,1610.9,0.34,9394125,-1300,1383,-0.01,Neutral,Weak,Godrej Properties,Real Estate,mid,False,False,False,False,,
GRASIM,2026-10-27,2026-10-06,2973.0,2983.8,-0.36,7223500,-51750,2014,-0.71,Neutral,Weak,Grasim Industries,Diversified,large,True,False,False,False,,
HAL,2026-10-27,2026-10-06,4838.1,4684.1,3.29,4951650,-190050,4971,-3.7,Short Covering,Moderate,Hindustan Aeronautics,Defence,large,False,False,False,False,,
HAVELLS,2026-10-27,2026-10-06,1059.4,1051.6,0.74,10243000,100000,2039,0.99,Neutral,Weak,Havells India,Consumer Goods,large,False,False,True,False,,
HCLTECH,2026-10-27,2026-10-06,1190.9,1194.1,-0.27,25061200,174800,6535,0.7,Neutral,Weak,HCL Technologies,Information Technology,large,True,False,False,True,2026-10-12,5.0
HDFCAMC,2026-10-27,2026-10-06,2362.4,2363.2,-0.03,6296400,-114000,1801,-1.78,Neutral,Weak,HDFC AMC,Financial Services,large,False,False,True,False,,
HDFCBANK,2026-10-27,2026-10-06,711.7,706.2,0.78,351811200,-3755700,34305,-1.06,Neutral,Weak,HDFC Bank,Banking,large,True,True,False,False,,
HDFCLIFE,2026-10-27,2026-10-06,544.15,531.4,2.4,38682600,-2211000,6757,-5.41,Short Covering,Moderate,HDFC Life,Financial Services,large,True,False,False,False,,
HEROMOTOCO,2026-10-27,2026-10-06,5099.5,5074.5,0.49,3708450,-8250,2310,-0.22,Neutral,Weak,Hero MotoCorp,Automobile,large,False,False,False,False,,
HINDALCO,2026-10-27,2026-10-06,942.9,944.65,-0.19,47250700,311500,2842,0.66,Neutral,Weak,Hindalco Industries,Metals & Mining,large,True,False,False,False,,
HINDUNILVR,2026-10-27,2026-10-06,1895.4,1849.2,2.5,15301500,-189300,4081,-1.22,Neutral,Weak,Hindustan Unilever,Consumer Goods,large,True,False,False,False,,
ICICIBANK,2026-10-27,2026-10-06,1344.6,1335.9,0.65,122379600,-1909600,11068,-1.54,Neutral,Weak,ICICI Bank,Banking,large,True,True,False,False,,
ICICIGI,2026-10-27,2026-10-06,1599.4,1587.2,0.77,5298150,-48100,1205,-0.9,Neutral,Weak,ICICI Lombard,Financial Services,large,False,False,True,True,2026-10-14,7.0
ICICIPRULI,2026-10-27,2026-10-06,457.3,453.3,0.88,17727625,277500,2050,1.59,Neutral,Weak,ICICI Prudential Life,Financial Services,large,False,False,False,True,2026-10-13,6.0
IDFCFIRSTB,2026-10-27,2026-10-06,81.59,82.21,-0.75,393649550,4971400,6203,1.28,Neutral,Weak,IDFC First Bank,Banking,mid,False,True,False,False,,
IEX,2026-10-27,2026-10-06,105.11,104.43,0.65,77925900,-878700,773,-1.12,Neutral,Weak,Indian Energy Exchange,Financial Services,mid,False,False,True,False,,
INDHOTEL,2026-10-27,2026-10-06,737.5,726.65,1.49,30247000,1006000,2388,3.44,Long Buildup,Moderate,Indian Hotels,Consumer Goods,mid,False,False,True,False,,
INDIANB,2026-10-27,2026-10-06,814.8,810.15,0.57,9506000,68000,759,0.72,Neutral,Weak,Indian Bank,Banking,mid,False,False,False,False,,
INDIGO,2026-10-27,2026-10-06,5057.2,4945.0,2.27,6001500,-88650,5302,-1.46,Neutral,Weak,IndiGo,Consumer Goods,large,True,False,False,False,,
INDUSINDBK,2026-10-27,2026-10-06,907.9,890.1,2.0,41469400,-810600,5626,-1.92,Neutral,Weak,IndusInd Bank,Banking,large,False,True,False,False,,
INDUSTOWER,2026-10-27,2026-10-06,389.55,380.85,2.28,83991900,239700,4249,0.29,Neutral,Weak,Indus Towers,Telecom,large,False,False,True,False,,
INFY,2026-10-27,2026-10-06,1016.65,1023.55,-0.67,71281600,-1206000,23689,-1.66,Neutral,Weak,Infosys,Information Technology,large,True,False,False,False,,
IOC,2026-10-27,2026-10-06,131.98,131.12,0.66,133282500,282750,2156,0.21,Neutral,Weak,Indian Oil Corporation,Oil & Gas,large,False,False,True,False,,
IREDA,2026-10-27,2026-10-06,108.41,107.73,0.63,78024575,-135750,877,-0.17,Neutral,Weak,IREDA,Financial Services,mid,False,False,False,False,,
IRFC,2026-10-27,2026-10-06,76.84,75.83,1.33,94074925,-916825,769,-0.97,Neutral,Weak,IRFC,Financial Services,large,False,False,True,False,,
ITC,2026-10-27,2026-10-06,267.05,269.6,-0.95,156140100,690000,6398,0.44,Neutral,Weak,ITC,Consumer Goods,large,True,False,False,False,,
JINDALSTEL,2026-10-27,2026-10-06,1085.7,1098.0,-1.12,15714375,590000,10642,3.9,Short Buildup,Moderate,Jindal Steel & Power,Metals & Mining,mid,False,False,False,False,,
JIOFIN,2026-10-27,2026-10-06,218.91,212.78,2.88,206254800,-2169050,8672,-1.04,Neutral,Weak,Jio Financial Services,Financial Services,large,True,False,False,False,,
JSWENERGY,2026-10-27,2026-10-06,497.65,491.7,1.21,28698200,881500,2075,3.17,Long Buildup,Moderate,JSW Energy,Power,mid,False,False,False,False,,
JSWSTEEL,2026-10-27,2026-10-06,1261.9,1236.9,2.02,39831750,-118800,3373,-0.3,Neutral,Weak,JSW Steel,Metals & Mining,large,True,False,False,False,,
JUBLFOOD,2026-10-27,2026-10-06,452.55,447.6,1.11,21186250,497500,6558,2.4,Long Buildup,Moderate,Jubilant Foodworks,Consumer Goods,mid,False,False,False,False,,
KOTAKBANK,2026-10-27,2026-10-06,432.2,418.65,3.24,156398000,524000,18144,0.34,Neutral,Weak,Kotak Mahindra Bank,Banking,large,True,True,False,False,,
KPITTECH,2026-10-27,2026-10-06,494.3,492.95,0.27,11123575,31775,1285,0.29,Neutral,Weak,KPIT Technologies,Information Technology,mid,False,False,False,False,,
LAURUSLABS,2026-10-27,2026-10-06,2062.9,1971.1,4.66,19426750,80750,4345,0.42,Neutral,Weak,Laurus Labs,Pharmaceuticals,mid,False,False,False,False,,
LICHSGFIN,2026-10-27,2026-10-06,504.65,507.75,-0.61,39273000,396000,2465,1.02,Neutral,Weak,LIC Housing Finance,Financial Services,mid,False,False,False,False,,
LICI,2026-10-27,2026-10-06,391.55,389.55,0.51,46172000,4200,1436,0.01,Neutral,Weak,LIC of India,Financial Services,large,False,False,True,False,,
LT,2026-10-27,2026-10-06,3785.3,3753.7,0.84,11502225,176750,7004,1.56,Neutral,Weak,Larsen & Toubro,Infrastructure,large,True,False,False,False,,
LUPIN,2026-10-27,2026-10-06,2030.1,2011.4,0.93,7647025,-48450,1433,-0.63,Neutral,Weak,Lupin,Pharmaceuticals,large,False,False,True,False,,
M&M,2026-10-27,2026-10-06,2859.5,2871.8,-0.43,11588800,244800,5984,2.16,Neutral,Weak,Mahindra & Mahindra,Automobile,large,True,False,False,False,,
MANAPPURAM,2026-10-27,2026-10-06,310.7,312.15,-0.46,67902000,1620000,1502,2.44,Neutral,Weak,Manappuram Finance,Financial Services,mid,False,False,False,False,,
MARICO,2026-10-27,2026-10-06,794.95,793.15,0.23,18046800,-142800,959,-0.79,Neutral,Weak,Marico,Consumer Goods,large,False,False,True,False,,
MARUTI,2026-10-27,2026-10-06,11641.0,11527.0,0.99,2550800,12650,3647,0.5,Neutral,Weak,Maruti Suzuki,Automobile,large,True,False,False,False,,
MAXHEALTH,2026-10-27,2026-10-06,902.95,920.05,-1.86,11954775,176925,3801,1.5,Neutral,Weak,Max Healthcare,Healthcare,mid,True,False,True,False,,
MCX,2026-10-27,2026-10-06,3325.5,3180.2,4.57,7179525,-137250,6169,-1.88,Neutral,Weak,MCX,Financial Services,mid,False,False,False,False,,
MFSL,2026-10-27,2026-10-06,1364.2,1356.8,0.55,6580400,536400,4715,8.87,Neutral,Weak,Max Financial Services,Financial Services,mid,False,False,False,False,,
MOTHERSON,2026-10-27,2026-10-06,160.97,156.9,2.59,129623550,1482150,1798,1.16,Neutral,Weak,Samvardhana Motherson,Automobile,mid,False,False,False,False,,
MPHASIS,2026-10-27,2026-10-06,2299.1,2297.2,0.08,5701575,18425,1241,0.32,Neutral,Weak,Mphasis,Information Technology,mid,False,False,False,False,,
MUTHOOTFIN,2026-10-27,2026-10-06,2697.4,2717.0,-0.72,6705875,71775,2163,1.08,Neutral,Weak,Muthoot Finance,Financial Services,mid,False,False,True,False,,
NATIONALUM,2026-10-27,2026-10-06,338.35,340.05,-0.5,37882500,1044375,3008,2.84,Neutral,Weak,National Aluminium,Metals & Mining,mid,False,False,False,False,,
NAUKRI,2026-10-27,2026-10-06,1244.2,1208.4,2.96,14059650,88000,1790,0.63,Neutral,Weak,Info Edge,Information Technology,large,False,False,True,False,,
NBCC,2026-10-27,2026-10-06,77.6,76.56,1.36,89258000,-669500,747,-0.74,Neutral,Weak,NBCC,Infrastructure,mid,False,False,False,False,,
NESTLEIND,2026-10-27,2026-10-06,1342.5,1305.2,2.86,11146000,474000,4501,4.44,Long Buildup,Moderate,Nestle India,Consumer Goods,large,True,False,False,False,,
NHPC,2026-10-27,2026-10-06,73.53,72.06,2.04,121221900,3176150,1461,2.69,Long Buildup,Moderate,NHPC,Power,mid,False,False,False,False,,
NMDC,2026-10-27,2026-10-06,74.42,74.09,0.45,358749000,-877500,763,-0.24,Neutral,Weak,NMDC,Metals & Mining,mid,False,False,False,False,,
NTPC,2026-10-27,2026-10-06,321.55,322.15,-0.19,84625500,-2155500,4658,-2.48,Neutral,Weak,NTPC,Power,large,True,False,False,False,,
NYKAA,2026-10-27,2026-10-06,340.4,338.5,0.56,35212500,84375,1628,0.24,Neutral,Weak,FSN E-Commerce,Consumer Goods,mid,False,False,True,False,,
OBEROIRLTY,2026-10-27,2026-10-06,1750.7,1762.8,-0.69,3798550,18900,957,0.5,Neutral,Weak,Oberoi Realty,Real Estate,mid,False,False,False,False,,
OFSS,2026-10-27,2026-10-06,10519.0,10510.0,0.09,1208900,-36400,1542,-2.92,Neutral,Weak,Oracle Financial Services,Information Technology,large,False,False,True,False,,
ONGC,2026-10-27,2026-10-06,224.44,225.91,-0.65,62822250,1212750,3507,1.97,Neutral,Weak,ONGC,Oil & Gas,large,True,False,False,False,,
PAGEIND,2026-10-27,2026-10-06,37985.0,37570.0,1.1,236240,960,2178,0.41,Neutral,Weak,Page Industries,Consumer Goods,mid,False,False,True,False,,
PAYTM,2026-10-27,2026-10-06,1691.2,1690.6,0.04,14960375,7250,2521,0.05,Neutral,Weak,One97 Communications,Financial Services,mid,False,False,True,False,,
PERSISTENT,2026-10-27,2026-10-06,5510.5,5521.0,-0.19,3086625,-1750,2470,-0.06,Neutral,Weak,Persistent Systems,Information Technology,mid,False,False,False,False,,
PETRONET,2026-10-27,2026-10-06,295.65,288.75,2.39,30278400,1375600,1668,4.76,Long Buildup,Moderate,Petronet LNG,Oil & Gas,mid,False,False,False,False,,
PFC,2026-10-27,2026-10-06,324.75,323.4,0.42,101591100,651300,3096,0.65,Neutral,Weak,Power Finance Corporation,Financial Services,large,False,False,True,False,,
PIDILITIND,2026-10-27,2026-10-06,1527.9,1488.0,2.68,4873500,-50500,1146,-1.03,Neutral,Weak,Pidilite Industries,Chemicals,large,False,False,True,False,,
PIIND,2026-10-27,2026-10-06,2259.5,2217.3,1.9,3752875,94500,2751,2.58,Long Buildup,Moderate,PI Industries,Chemicals,mid,False,False,False,False,,
PNB,2026-10-27,2026-10-06,112.01,112.48,-0.42,242720000,-2016000,1522,-0.82,Neutral,Weak,Punjab National Bank,Banking,mid,False,True,True,False,,
POLYCAB,2026-10-27,2026-10-06,8168.5,8125.5,0.53,2148000,17125,1858,0.8,Neutral,Weak,Polycab India,Consumer Goods,large,False,False,False,False,,
POWERGRID,2026-10-27,2026-10-06,257.35,258.2,-0.33,65992700,809400,2081,1.24,Neutral,Weak,Power Grid,Power,large,True,False,False,False,,
RBLBANK,2026-10-27,2026-10-06,415.0,416.7,-0.41,43014900,-1663700,2023,-3.72,Neutral,Weak,RBL Bank,Banking,mid,False,True,False,True,2026-10-12,5.0
RECLTD,2026-10-27,2026-10-06,300.9,297.0,1.31,47357100,-543375,3245,-1.13,Neutral,Weak,REC,Financial Services,large,False,False,True,False,,
RELIANCE,2026-10-27,2026-10-06,1219.5,1194.0,2.14,143659500,-3984500,28673,-2.7,Short Covering,Moderate,Reliance Industries,Oil & Gas,large,True,False,False,False,,
SAIL,2026-10-27,2026-10-06,179.99,176.0,2.27,175794100,-427700,118,-0.24,Neutral,Weak,Steel Authority of India,Metals & Mining,mid,False,False,True,False,,
SBICARD,2026-10-27,2026-10-06,569.85,568.25,0.28,16558400,255200,1270,1.57,Neutral,Weak,SBI Cards,Financial Services,large,False,False,False,False,,
SBILIFE,2026-10-27,2026-10-06,1747.3,1720.7,1.55,7033875,-76500,3269,-1.08,Neutral,Weak,SBI Life Insurance,Financial Services,large,True,False,False,False,,
SBIN,2026-10-27,2026-10-06,959.45,962.85,-0.35,99865500,744750,6044,0.75,Neutral,Weak,State Bank of India,Banking,large,True,True,False,False,,
SHREECEM,2026-10-27,2026-10-06,22235.0,22065.0,0.77,377450,-3075,1252,-0.81,Neutral,Weak,Shree Cement,Cement,large,False,False,False,False,,
SHRIRAMFIN,2026-10-27,2026-10-06,964.45,972.5,-0.83,24382875,-325050,2945,-1.32,Neutral,Weak,Shriram Finance,Financial Services,large,True,False,False,False,,
SIEMENS,2026-10-27,2026-10-06,3858.8,3717.8,3.79,3326225,-49875,2030,-1.48,Neutral,Weak,Siemens,Infrastructure,large,False,False,True,False,,
SONACOMS,2026-10-27,2026-10-06,819.05,798.6,2.56,15128750,410375,2178,2.79,Long Buildup,Moderate,Sona BLW Precision,Automobile,mid,False,False,False,False,,
SRF,2026-10-27,2026-10-06,2480.2,2458.9,0.87,4054200,-4600,1216,-0.11,Neutral,Weak,SRF,Chemicals,mid,False,False,False,False,,
SUNPHARMA,2026-10-27,2026-10-06,1803.6,1780.5,1.3,15716050,140000,2467,0.9,Neutral,Weak,Sun Pharmaceutical,Pharmaceuticals,large,True,False,False,False,,
TATACONSUM,2026-10-27,2026-10-06,976.45,955.75,2.17,16342700,67100,2523,0.41,Neutral,Weak,Tata Consumer Products,Consumer Goods,large,True,False,True,False,,
TATAELXSI,2026-10-27,2026-10-06,3111.2,3110.7,0.02,2385875,-6625,912,-0.28,Neutral,Weak,Tata Elxsi,Information Technology,mid,False,False,True,True,2026-10-13,6.0
TATASTEEL,2026-10-27,2026-10-06,179.02,178.37,0.36,308008250,1278750,5862,0.42,Neutral,Weak,Tata Steel,Metals & Mining,large,True,False,False,False,,
TCS,2026-10-27,2026-10-06,2085.5,2106.8,-1.01,25829100,-276525,9537,-1.06,Neutral,Weak,Tata Consultancy Services,Information Technology,large,True,False,False,True,2026-10-08,1.0
TECHM,2026-10-27,2026-10-06,1496.4,1521.7,-1.66,15202200,329400,3369,2.21,Short Buildup,Moderate,Tech Mahindra,Information Technology,large,True,False,False,False,,
TIINDIA,2026-10-27,2026-10-06,2476.6,2331.4,6.23,2890200,142800,3033,5.2,Long Buildup,Moderate,Tube Investments,Automobile,mid,False,False,False,False,,
TITAN,2026-10-27,2026-10-06,4564.8,4589.5,-0.54,5118750,-126525,3685,-2.41,Neutral,Weak,Titan Company,Consumer Goods,large,True,False,False,False,,
TMPV,2026-10-27,2026-10-06,287.3,289.0,-0.59,84878400,417600,3296,0.49,Neutral,Weak,Tata Motors Passenger Vehicles,Automobile and Auto Components,large,True,False,False,False,,
TORNTPHARM,2026-10-27,2026-10-06,4792.4,4780.8,0.24,3171625,-56750,1847,-1.76,Neutral,Weak,Torrent Pharmaceuticals,Pharmaceuticals,mid,False,False,False,False,,
TRENT,2026-10-27,2026-10-06,2916.3,2591.6,12.53,8670600,-521775,27750,-5.68,Short Covering,Moderate,Trent,Consumer Services,large,True,False,False,False,,
TVSMOTOR,2026-10-27,2026-10-06,4000.6,4033.8,-0.82,7493150,23450,2265,0.31,Neutral,Weak,TVS Motor Company,Automobile,large,False,False,True,False,,
ULTRACEMCO,2026-10-27,2026-10-06,10799.0,10909.0,-1.01,1828400,8300,2319,0.46,Neutral,Weak,UltraTech Cement,Cement,large,True,False,False,False,,
UNIONBANK,2026-10-27,2026-10-06,168.46,168.25,0.12,94624200,840750,1903,0.9,Neutral,Weak,Union Bank of India,Banking,mid,False,False,False,False,,
UNOMINDA,2026-10-27,2026-10-06,1116.6,1097.4,1.75,5959250,450450,2016,8.18,Long Buildup,Moderate,Uno Minda,Automobile,mid,False,False,False,False,,
UPL,2026-10-27,2026-10-06,509.7,502.55,1.42,31580985,-215445,1117,-0.68,Neutral,Weak,UPL,Chemicals,large,False,False,True,False,,
VBL,2026-10-27,2026-10-06,440.55,440.2,0.08,68939250,-1311975,4147,-1.87,Neutral,Weak,Varun Beverages,Consumer Goods,large,False,False,True,False,,
VEDL,2026-10-27,2026-10-06,265.45,254.9,4.14,50018100,-1031550,7513,-2.02,Short Covering,Moderate,Vedanta,Metals & Mining,large,False,False,True,False,,
VOLTAS,2026-10-27,2026-10-06,1070.0,1059.8,0.96,10783125,420750,5780,4.06,Long Buildup,Moderate,Voltas,Consumer Goods,mid,False,False,False,False,,
WIPRO,2026-10-27,2026-10-06,162.28,163.18,-0.55,192234000,-3015000,6426,-1.54,Neutral,Weak,Wipro,Information Technology,large,True,False,False,False,,
YESBANK,2026-10-27,2026-10-06,20.93,21.08,-0.71,1177539300,-6997500,2300,-0.59,Neutral,Weak,Yes Bank,Banking,mid,False,False,False,False,,
ZYDUSLIFE,2026-10-27,2026-10-06,1168.2,1143.2,2.19,8969400,131400,2140,1.49,Neutral,Weak,Zydus Lifesciences,Pharmaceuticals,large,False,False,False,False,,
